{"data":[
    {
        "_id": 1,
        "name": "Test Name",
        "description": "Test desc",
        "type": "Test type",
        "start-date": "test",
        "end-date": "test",
        "user-id": 1234,
        "other-criteria": "test",
        "image": "test"
    },
    {
        "_id": 2,
        "name": "Test Name",
        "description": "Test desc",
        "type": "Test type",
        "start-date": "test",
        "end-date": "test",
        "user-id": 1234,
        "other-criteria": "test",
        "image": "test"
    },
    {
        "_id": 3,
        "name": "Test Name",
        "description": "Test desc",
        "type": "Test type",
        "start-date": "test",
        "end-date": "test",
        "user-id": 1234,
        "other-criteria": "test",
        "image": "test"
    },
    {
        "_id": 4,
        "name": "Test Name",
        "description": "Test desc",
        "type": "Test type",
        "start-date": "test",
        "end-date": "test",
        "user-id": 1234,
        "other-criteria": "test",
        "image": "test"
    }
]}